study,form,field,question,category,recommendation,standard_or_list,effort,evidence_from_real_data
Detroit,CM,CMINDIC,Indication,1 Code now: a list we already have,"Type-ahead with 'Other (not in list), specify' so the typed words are kept alongside the code.","SNOMED CT (the 7,137-term list already built); MedDRA is the usual alternative but is licensed",Low,
Detroit,DD,PRCDTH,Primary cause of death,1 Code now: a list we already have,"Cause of death is a condition: type-ahead over the same SNOMED list, with an Other box so the typed cause is kept.",SNOMED CT (list already built),Low,
Precision,CM,CMINDIC,Indication,1 Code now: a list we already have,"Type-ahead with 'Other (not in list), specify' so the typed words are kept alongside the code.","SNOMED CT (the 7,137-term list already built); MedDRA is the usual alternative but is licensed",Low,
Precision,MH,MHHOSPREASON,"If yes, reason:",1 Code now: a list we already have,"Reason for hospitalisation is a condition: type-ahead over the same SNOMED list, with an Other box.",SNOMED CT (list already built),Low,
Detroit,BIOIVTONC,DIAG_CODE,ICD Diagnosis Code,"2 Code: a standard exists, the list must be built",Type-ahead over ICD-10-CM (ICD-9 is retired). The typed code would be checked against a real list.,ICD-10-CM (free from the US National Library of Medicine),Medium,
Detroit,BIOIVTONC,SPEC_TYP,Specimen Type,"2 Code: a standard exists, the list must be built",Specimen type has a published CDISC list.,CDISC controlled terminology: SPECTYPE,Low,
Detroit,COVID19,IMMUNIZATION_TYPE,Immunizations,"2 Code: a standard exists, the list must be built",Human vaccines have a public code list.,CDC CVX vaccine codes,Medium,
Detroit,FOLLOWUP,SURGPROC,Surgical Procedure,"2 Code: a standard exists, the list must be built",Type-ahead over surgical procedures with an Other box.,"SNOMED CT procedures (same source as the diagnosis list, a different branch)",Medium,"Real answers for 'type of surgery' (38): 30 distinct. Bilateral Mastectomy 5, Lumpectomy 3, Mastectomy 2, Left breast lumpectomy 2."
Detroit,ONCOLOGY,ICD9DIAG,ICD-9 Diagnosis Code,"2 Code: a standard exists, the list must be built",Type-ahead over ICD-10-CM (ICD-9 is retired). The typed code would be checked against a real list.,ICD-10-CM (free from the US National Library of Medicine),Medium,
Detroit,ONCOLOGY,SURGIPROC,Surgical Procedure,"2 Code: a standard exists, the list must be built",Type-ahead over surgical procedures with an Other box.,"SNOMED CT procedures (same source as the diagnosis list, a different branch)",Medium,
Detroit,OUTCOME,SURGPROC,Surgical Procedure,"2 Code: a standard exists, the list must be built",Type-ahead over surgical procedures with an Other box.,"SNOMED CT procedures (same source as the diagnosis list, a different branch)",Medium,"Real answers for 'type of surgery' (38): 30 distinct. Bilateral Mastectomy 5, Lumpectomy 3, Mastectomy 2, Left breast lumpectomy 2."
Detroit,VET,SURGERY,Surgery,"2 Code: a standard exists, the list must be built",Type-ahead over surgical procedures with an Other box.,"SNOMED CT procedures (same source as the diagnosis list, a different branch)",Medium,
Detroit,COVID19,TEST_MANU,Test manufacturer,"3 Code: a short pick list, values need your approval","Test manufacturer: a short list built from the values sites actually use, with Other.",Values from your own data,Low,
Detroit,DOV,VISNDRSN,Reason visit not done:,"3 Code: a short pick list, values need your approval","'Reason not done': a short common-reasons list (participant declined, could not obtain sample, not fasting, equipment problem ...) with Other, specify. CDASH collects the reason as free text, so keep the typed reason alongside.","Common reasons from your data, with Other",Medium,
Detroit,ONCOLOGY,THEROUTC,Therapy Outcome,"3 Code: a short pick list, values need your approval","Therapy outcome is a short standard scale (complete, partial, stable, progressive ...).",Response categories (RECIST / CDISC response terms),Low,
Detroit,RA,ANA_RES,ANA Result,"3 Code: a short pick list, values need your approval","ANA result is a titer plus pattern: a short list (Negative, 1:40, 1:80 ... 1:1280, higher) with an Other box.",Clinical convention (needs clinician approval),Low,
Detroit,SC,SCEMPL_WHY,"If no, explain why","3 Code: a short pick list, values need your approval","Employment status: Retired, Disabled, Student, Homemaker, Unemployed, Other.",Values from your own data (see evidence),Low,"Real answers (66): 25 distinct. 'Retired' 26, 'No explanation noted/given' 13, 'Disabled' 3, then one-offs."
Precision,BIOMK,HPV_GENO,HPV Genotype (specify),"3 Code: a short pick list, values need your approval","HPV genotype is a short list of HPV types (16, 18, 31, 33 ...).",Published HPV type list,Low,
Precision,DOV,VISNDRSN,Reason visit not done:,"3 Code: a short pick list, values need your approval","'Reason not done': a short common-reasons list (participant declined, could not obtain sample, not fasting, equipment problem ...) with Other, specify. CDASH collects the reason as free text, so keep the typed reason alongside.","Common reasons from your data, with Other",Medium,
Precision,IE8008,FTD_SUBTYPE,"If Frontotemporal Dementia, please specify subtype","3 Code: a short pick list, values need your approval",Frontotemporal dementia subtype: a short clinical list.,Consensus FTD subtype criteria (needs clinician approval),Low,
Precision,IE8009,IEINC01_RSN,"If No, Why?","3 Code: a short pick list, values need your approval","'Reason not done': a short common-reasons list (participant declined, could not obtain sample, not fasting, equipment problem ...) with Other, specify. CDASH collects the reason as free text, so keep the typed reason alongside.","Common reasons from your data, with Other",Medium,
Precision,IE8009,IEINC02_RSN,"If No, Why?","3 Code: a short pick list, values need your approval","'Reason not done': a short common-reasons list (participant declined, could not obtain sample, not fasting, equipment problem ...) with Other, specify. CDASH collects the reason as free text, so keep the typed reason alongside.","Common reasons from your data, with Other",Medium,
Precision,IE8200,IEEXC01_RSN,"If Yes, Why?","3 Code: a short pick list, values need your approval","'Reason not done': a short common-reasons list (participant declined, could not obtain sample, not fasting, equipment problem ...) with Other, specify. CDASH collects the reason as free text, so keep the typed reason alongside.","Common reasons from your data, with Other",Medium,
Precision,IE8200,IEEXC02_RSN,"If Yes, Why?","3 Code: a short pick list, values need your approval","'Reason not done': a short common-reasons list (participant declined, could not obtain sample, not fasting, equipment problem ...) with Other, specify. CDASH collects the reason as free text, so keep the typed reason alongside.","Common reasons from your data, with Other",Medium,
Precision,IE8200,IEINC01_RSN,"If No, Why?","3 Code: a short pick list, values need your approval","'Reason not done': a short common-reasons list (participant declined, could not obtain sample, not fasting, equipment problem ...) with Other, specify. CDASH collects the reason as free text, so keep the typed reason alongside.","Common reasons from your data, with Other",Medium,
Precision,IE8200,IEINC02_RSN,"If No, Why?","3 Code: a short pick list, values need your approval","'Reason not done': a short common-reasons list (participant declined, could not obtain sample, not fasting, equipment problem ...) with Other, specify. CDASH collects the reason as free text, so keep the typed reason alongside.","Common reasons from your data, with Other",Medium,
Precision,IE8200,IEINC03_RSN,"If No, Why?","3 Code: a short pick list, values need your approval","'Reason not done': a short common-reasons list (participant declined, could not obtain sample, not fasting, equipment problem ...) with Other, specify. CDASH collects the reason as free text, so keep the typed reason alongside.","Common reasons from your data, with Other",Medium,
Precision,IE8200,IEINC04_RSN,"If No, Why?","3 Code: a short pick list, values need your approval","'Reason not done': a short common-reasons list (participant declined, could not obtain sample, not fasting, equipment problem ...) with Other, specify. CDASH collects the reason as free text, so keep the typed reason alongside.","Common reasons from your data, with Other",Medium,
Precision,IE8200,IEINC05_RSN,"If No, Why?","3 Code: a short pick list, values need your approval","'Reason not done': a short common-reasons list (participant declined, could not obtain sample, not fasting, equipment problem ...) with Other, specify. CDASH collects the reason as free text, so keep the typed reason alongside.","Common reasons from your data, with Other",Medium,
Precision,PC,BLDNOEXP,"If No, explain (Blood)","3 Code: a short pick list, values need your approval","'Reason not done': a short common-reasons list (participant declined, could not obtain sample, not fasting, equipment problem ...) with Other, specify. CDASH collects the reason as free text, so keep the typed reason alongside.","Common reasons from your data, with Other",Medium,
Precision,PC,CSFNOEXP,"If No, explain (CSF)","3 Code: a short pick list, values need your approval","'Reason not done': a short common-reasons list (participant declined, could not obtain sample, not fasting, equipment problem ...) with Other, specify. CDASH collects the reason as free text, so keep the typed reason alongside.","Common reasons from your data, with Other",Medium,
Precision,PC,SALNOEXP,"If No, explain (Saliva)","3 Code: a short pick list, values need your approval","'Reason not done': a short common-reasons list (participant declined, could not obtain sample, not fasting, equipment problem ...) with Other, specify. CDASH collects the reason as free text, so keep the typed reason alongside.","Common reasons from your data, with Other",Medium,
Precision,PC,URNOEXP,"If No, explain (Urine)","3 Code: a short pick list, values need your approval","'Reason not done': a short common-reasons list (participant declined, could not obtain sample, not fasting, equipment problem ...) with Other, specify. CDASH collects the reason as free text, so keep the typed reason alongside.","Common reasons from your data, with Other",Medium,
Precision,PCONC,BLDORDNOEXP,"If No, specify","3 Code: a short pick list, values need your approval","'Reason not done': a short common-reasons list (participant declined, could not obtain sample, not fasting, equipment problem ...) with Other, specify. CDASH collects the reason as free text, so keep the typed reason alongside.","Common reasons from your data, with Other",Medium,
Precision,QSALS,ALSFNORSN,"If No, reason (ALSFRS)","3 Code: a short pick list, values need your approval","'Reason not done': a short common-reasons list (participant declined, could not obtain sample, not fasting, equipment problem ...) with Other, specify. CDASH collects the reason as free text, so keep the typed reason alongside.","Common reasons from your data, with Other",Medium,"Real 'if no, explain' answers are varied sentences (13 answers, 13 distinct), e.g. 'Veins blown', 'Patient was not fasting'."
Precision,QSALS,MMSENORSN,"If No, reason","3 Code: a short pick list, values need your approval","'Reason not done': a short common-reasons list (participant declined, could not obtain sample, not fasting, equipment problem ...) with Other, specify. CDASH collects the reason as free text, so keep the typed reason alongside.","Common reasons from your data, with Other",Medium,"Real 'if no, explain' answers are varied sentences (13 answers, 13 distinct), e.g. 'Veins blown', 'Patient was not fasting'."
Precision,QSCOG,ADASNORSN,"If No, reason (ADAS)","3 Code: a short pick list, values need your approval","'Reason not done': a short common-reasons list (participant declined, could not obtain sample, not fasting, equipment problem ...) with Other, specify. CDASH collects the reason as free text, so keep the typed reason alongside.","Common reasons from your data, with Other",Medium,"Real 'if no, explain' answers are varied sentences (13 answers, 13 distinct), e.g. 'Veins blown', 'Patient was not fasting'."
Precision,QSCOG,CDRNORSN,"If No, reason (CDR)","3 Code: a short pick list, values need your approval","'Reason not done': a short common-reasons list (participant declined, could not obtain sample, not fasting, equipment problem ...) with Other, specify. CDASH collects the reason as free text, so keep the typed reason alongside.","Common reasons from your data, with Other",Medium,"Real 'if no, explain' answers are varied sentences (13 answers, 13 distinct), e.g. 'Veins blown', 'Patient was not fasting'."
Precision,QSCOG,IADLNORSN,"If No, reason (IADL)","3 Code: a short pick list, values need your approval","'Reason not done': a short common-reasons list (participant declined, could not obtain sample, not fasting, equipment problem ...) with Other, specify. CDASH collects the reason as free text, so keep the typed reason alongside.","Common reasons from your data, with Other",Medium,"Real 'if no, explain' answers are varied sentences (13 answers, 13 distinct), e.g. 'Veins blown', 'Patient was not fasting'."
Precision,QSCOG,MMSENORSN,"If No, reason","3 Code: a short pick list, values need your approval","'Reason not done': a short common-reasons list (participant declined, could not obtain sample, not fasting, equipment problem ...) with Other, specify. CDASH collects the reason as free text, so keep the typed reason alongside.","Common reasons from your data, with Other",Medium,"Real 'if no, explain' answers are varied sentences (13 answers, 13 distinct), e.g. 'Veins blown', 'Patient was not fasting'."
Precision,QSCOG,MOCANORSN,"If No, reason (MoCA)","3 Code: a short pick list, values need your approval","'Reason not done': a short common-reasons list (participant declined, could not obtain sample, not fasting, equipment problem ...) with Other, specify. CDASH collects the reason as free text, so keep the typed reason alongside.","Common reasons from your data, with Other",Medium,"Real 'if no, explain' answers are varied sentences (13 answers, 13 distinct), e.g. 'Veins blown', 'Patient was not fasting'."
Precision,QSMS,EDSSNORSN,"If No, reason (EDSS)","3 Code: a short pick list, values need your approval","'Reason not done': a short common-reasons list (participant declined, could not obtain sample, not fasting, equipment problem ...) with Other, specify. CDASH collects the reason as free text, so keep the typed reason alongside.","Common reasons from your data, with Other",Medium,"Real 'if no, explain' answers are varied sentences (13 answers, 13 distinct), e.g. 'Veins blown', 'Patient was not fasting'."
Precision,QSMS,MFISNORSN,"If No, reason (MFIS)","3 Code: a short pick list, values need your approval","'Reason not done': a short common-reasons list (participant declined, could not obtain sample, not fasting, equipment problem ...) with Other, specify. CDASH collects the reason as free text, so keep the typed reason alongside.","Common reasons from your data, with Other",Medium,"Real 'if no, explain' answers are varied sentences (13 answers, 13 distinct), e.g. 'Veins blown', 'Patient was not fasting'."
Precision,QSMS,MMSENORSN,"If No, reason","3 Code: a short pick list, values need your approval","'Reason not done': a short common-reasons list (participant declined, could not obtain sample, not fasting, equipment problem ...) with Other, specify. CDASH collects the reason as free text, so keep the typed reason alongside.","Common reasons from your data, with Other",Medium,"Real 'if no, explain' answers are varied sentences (13 answers, 13 distinct), e.g. 'Veins blown', 'Patient was not fasting'."
Precision,QSPARK,HYNORSN,"If No, reason (Hoehn & Yahr)","3 Code: a short pick list, values need your approval","'Reason not done': a short common-reasons list (participant declined, could not obtain sample, not fasting, equipment problem ...) with Other, specify. CDASH collects the reason as free text, so keep the typed reason alongside.","Common reasons from your data, with Other",Medium,"Real 'if no, explain' answers are varied sentences (13 answers, 13 distinct), e.g. 'Veins blown', 'Patient was not fasting'."
Precision,QSPARK,MMSENORSN,"If No, reason","3 Code: a short pick list, values need your approval","'Reason not done': a short common-reasons list (participant declined, could not obtain sample, not fasting, equipment problem ...) with Other, specify. CDASH collects the reason as free text, so keep the typed reason alongside.","Common reasons from your data, with Other",Medium,"Real 'if no, explain' answers are varied sentences (13 answers, 13 distinct), e.g. 'Veins blown', 'Patient was not fasting'."
Precision,QSPARK,UPDRSNORSN,"If No, reason (UPDRS)","3 Code: a short pick list, values need your approval","'Reason not done': a short common-reasons list (participant declined, could not obtain sample, not fasting, equipment problem ...) with Other, specify. CDASH collects the reason as free text, so keep the typed reason alongside.","Common reasons from your data, with Other",Medium,"Real 'if no, explain' answers are varied sentences (13 answers, 13 distinct), e.g. 'Veins blown', 'Patient was not fasting'."
Precision,SC,SCEMPL_WHY,"If no, explain why","3 Code: a short pick list, values need your approval","Employment status: Retired, Disabled, Student, Homemaker, Unemployed, Other.",Values from your own data (see evidence),Low,"Real answers (66): 25 distinct. 'Retired' 26, 'No explanation noted/given' 13, 'Disabled' 3, then one-offs."
Detroit,DD,DTHTIM,Time of death (HH:MM),4 Convert to a proper answer type,Time of day typed as text: use a real time answer type (confirm how OC4 stores seconds and time zone first).,ISO 8601 time,Low,
Detroit,SPECCOL,COLLTM,Collection Time (HH:MM),4 Convert to a proper answer type,Time of day typed as text: use a real time answer type (confirm how OC4 stores seconds and time zone first).,ISO 8601 time,Low,
Detroit,VS,COLLTM,Collection Time (HH:MM),4 Convert to a proper answer type,Time of day typed as text: use a real time answer type (confirm how OC4 stores seconds and time zone first).,ISO 8601 time,Low,
Precision,PC,BLDTIME,Time of Blood Draw (HH:MM),4 Convert to a proper answer type,Time of day typed as text: use a real time answer type (confirm how OC4 stores seconds and time zone first).,ISO 8601 time,Low,
Precision,PC,CSFTIME,Time of Optional Spinal Tap (HH:MM),4 Convert to a proper answer type,Time of day typed as text: use a real time answer type (confirm how OC4 stores seconds and time zone first).,ISO 8601 time,Low,
Precision,PC,SALTIME,Time of Saliva Collection (HH:MM),4 Convert to a proper answer type,Time of day typed as text: use a real time answer type (confirm how OC4 stores seconds and time zone first).,ISO 8601 time,Low,
Precision,PC,URTIME,Time of Urine Collection (HH:MM),4 Convert to a proper answer type,Time of day typed as text: use a real time answer type (confirm how OC4 stores seconds and time zone first).,ISO 8601 time,Low,
Precision,PCONC,BLOCKS,Please specify # of blocks,4 Convert to a proper answer type,Mostly plain numbers: make it a whole number (a separate note for units such as slides).,integer,Low,"Real answers (117): 86% plain numbers ('1' 84, '2' 12); the rest like '22 slides'."
Precision,VS,VSTIME,Time of Vital Signs Collection (HH:MM),4 Convert to a proper answer type,Time of day typed as text: use a real time answer type (confirm how OC4 stores seconds and time zone first).,ISO 8601 time,Low,
Detroit,BIOIVTONC,ACCNUM,Accession Number,5 Keep as free text,Identifier or reference: stays text. DIN already has the 30-character rule; the others could get a format rule once the format is known.,n/a (identifier),n/a,
Detroit,BIOIVTONC,CUSTNOTES,Customer Output Notes,5 Keep as free text,Narrative or verbatim text: free text is the right answer type.,n/a (narrative),n/a,Real answers (478): 461 are 'None'.
Detroit,BIOIVTONC,MAN_CKLIST,Manual Checklist,5 Keep as free text,Narrative or verbatim text: free text is the right answer type.,n/a (narrative),n/a,
Detroit,BIOIVTONC,TUM_EXT_OTHR,"Tumor Extension, Other",5 Keep as free text,"'Other, specify' or a brand or site code: stays free text by design (it is the verbatim part of coded-plus-verbatim).",n/a (verbatim),n/a,
Detroit,ECONSENT,CELL,Cell phone number,5 Keep as free text,"Contact detail: stays text, but add a phone-number format check.",n/a (format validation),Low,
Detroit,ECONSENT,CELL_CONFIRM,Confirm cell phone number,5 Keep as free text,"Contact detail: stays text, but add a phone-number format check.",n/a (format validation),Low,
Detroit,ECONSENT,CONFIRM_EMAIL,Confirm e-mail address,5 Keep as free text,"Contact detail: stays text, but add an e-mail format check.","n/a (format validation, not a code list)",Low,
Detroit,ECONSENT,DECLINE_OTHER,"Other, specify reason",5 Keep as free text,"'Other, specify' or a brand or site code: stays free text by design (it is the verbatim part of coded-plus-verbatim).",n/a (verbatim),n/a,
Detroit,ECONSENT,EMAIL,E-mail Address,5 Keep as free text,"Contact detail: stays text, but add an e-mail format check.","n/a (format validation, not a code list)",Low,
Detroit,FOLLOWUP,DIAGMETH_OTHR,Other Diagnosis Method,5 Keep as free text,"'Other, specify' or a brand or site code: stays free text by design (it is the verbatim part of coded-plus-verbatim).",n/a (verbatim),n/a,
Detroit,FOLLOWUP,STAT_OTHR,Other Status,5 Keep as free text,"'Other, specify' or a brand or site code: stays free text by design (it is the verbatim part of coded-plus-verbatim).",n/a (verbatim),n/a,
Detroit,INCEXC,EXC_OTHER,Other Exclusion Criteria Question,5 Keep as free text,"'Other, specify' or a brand or site code: stays free text by design (it is the verbatim part of coded-plus-verbatim).",n/a (verbatim),n/a,
Detroit,INCEXC,INC_OTHER,Other Inclusion Criteria Question,5 Keep as free text,"'Other, specify' or a brand or site code: stays free text by design (it is the verbatim part of coded-plus-verbatim).",n/a (verbatim),n/a,
Detroit,MH,PMHDETL,"If yes, provide details",5 Keep as free text,Narrative or verbatim text: free text is the right answer type.,n/a (narrative),n/a,
Detroit,MH,SURGDETL,Surgery details,5 Keep as free text,Narrative or verbatim text: free text is the right answer type.,n/a (narrative),n/a,
Detroit,ONCOLOGY,DIAG_DETAIL,Diagnostic Details,5 Keep as free text,Narrative or verbatim text: free text is the right answer type.,n/a (narrative),n/a,
Detroit,ONCOLOGY,GROSS_DESCR,Gross Description,5 Keep as free text,Narrative or verbatim text: free text is the right answer type.,n/a (narrative),n/a,
Detroit,ONCOLOGY,MICRO_DESCR,Microscopic Description,5 Keep as free text,Narrative or verbatim text: free text is the right answer type.,n/a (narrative),n/a,
Detroit,ONCOLOGY,PATH_COMMENT,Pathology Comments,5 Keep as free text,Narrative or verbatim text: free text is the right answer type.,n/a (narrative),n/a,
Detroit,OUTCOME,COMMENTS,Comments,5 Keep as free text,Narrative or verbatim text: free text is the right answer type.,n/a (narrative),n/a,
Detroit,OUTCOME,DIN,DIN,5 Keep as free text,Identifier or reference: stays text. DIN already has the 30-character rule; the others could get a format rule once the format is known.,n/a (identifier),n/a,
Detroit,OUTCOME,RADIATION_DETAILS,Radiation Therapy Details,5 Keep as free text,Narrative or verbatim text: free text is the right answer type.,n/a (narrative),n/a,
Detroit,OUTCOME,TSS,Tissue Source Site (TSS),5 Keep as free text,"'Other, specify' or a brand or site code: stays free text by design (it is the verbatim part of coded-plus-verbatim).",n/a (verbatim),n/a,
Detroit,PSORIASIS,PATHINFO,Pathology Info,5 Keep as free text,Narrative or verbatim text: free text is the right answer type.,n/a (narrative),n/a,
Detroit,SC,ENVIREXP_SP,Specify exposure,5 Keep as free text,"'Other, specify' or a brand or site code: stays free text by design (it is the verbatim part of coded-plus-verbatim).",n/a (verbatim),n/a,
Detroit,SHORTFORM,DIN,DIN (Donor Identification Number),5 Keep as free text,Identifier or reference: stays text. DIN already has the 30-character rule; the others could get a format rule once the format is known.,n/a (identifier),n/a,
Detroit,SHORTFORM,ICF,ICF Number,5 Keep as free text,Identifier or reference: stays text. DIN already has the 30-character rule; the others could get a format rule once the format is known.,n/a (identifier),n/a,
Detroit,SHORTFORM,IRB,IRB approval letter number,5 Keep as free text,Identifier or reference: stays text. DIN already has the 30-character rule; the others could get a format rule once the format is known.,n/a (identifier),n/a,
Detroit,SHORTFORM,PROJID,Project ID,5 Keep as free text,Identifier or reference: stays text. DIN already has the 30-character rule; the others could get a format rule once the format is known.,n/a (identifier),n/a,
Detroit,SPECCOL,KIT_NO,Kit Number,5 Keep as free text,Identifier or reference: stays text. DIN already has the 30-character rule; the others could get a format rule once the format is known.,n/a (identifier),n/a,
Detroit,TESTRES,OTHVIR,"Other virus, specify",5 Keep as free text,"'Other, specify' or a brand or site code: stays free text by design (it is the verbatim part of coded-plus-verbatim).",n/a (verbatim),n/a,
Detroit,VET,OTHERSPECIFY,Other (Specify Animal),5 Keep as free text,"'Other, specify' or a brand or site code: stays free text by design (it is the verbatim part of coded-plus-verbatim).",n/a (verbatim),n/a,
Detroit,VET,OTHERSPECIFY_001,Other (Specify),5 Keep as free text,"'Other, specify' or a brand or site code: stays free text by design (it is the verbatim part of coded-plus-verbatim).",n/a (verbatim),n/a,
Detroit,VET,OTHERSPECIFY_002,Other (Specify),5 Keep as free text,"'Other, specify' or a brand or site code: stays free text by design (it is the verbatim part of coded-plus-verbatim).",n/a (verbatim),n/a,
Detroit,VET,OTHERSPECIFY_003,Other (Specify),5 Keep as free text,"'Other, specify' or a brand or site code: stays free text by design (it is the verbatim part of coded-plus-verbatim).",n/a (verbatim),n/a,
Detroit,VET,OTHERSPECIFY_MIXED,Other (Specify),5 Keep as free text,"'Other, specify' or a brand or site code: stays free text by design (it is the verbatim part of coded-plus-verbatim).",n/a (verbatim),n/a,
Detroit,VET,OTHER_SPECIFY_VACCINATION,Other (Specify),5 Keep as free text,"'Other, specify' or a brand or site code: stays free text by design (it is the verbatim part of coded-plus-verbatim).",n/a (verbatim),n/a,
Detroit,VET,SPECIFY_BRAND,Brand,5 Keep as free text,"'Other, specify' or a brand or site code: stays free text by design (it is the verbatim part of coded-plus-verbatim).",n/a (verbatim),n/a,
Precision,ATT,ATTDETL,Attachment details,5 Keep as free text,Narrative or verbatim text: free text is the right answer type.,n/a (narrative),n/a,
Precision,ATT,ATTFILE,Attachment (file upload — enter reference or filename),5 Keep as free text,Identifier or reference: stays text. DIN already has the 30-character rule; the others could get a format rule once the format is known.,n/a (identifier),n/a,
Precision,BIOMK,EXONDET,Specific exon/mutations (details),5 Keep as free text,Variant and biomarker detail is too varied to list. Could code just the gene symbol later.,"HGNC gene symbols (optional, later)",High,"Real answers (38): 35 distinct, mixes gene names with results ('CHEK2', 'FISH - Negative')."
Precision,BIOMK,OTHBIO,Other biomarkers (details),5 Keep as free text,Variant and biomarker detail is too varied to list. Could code just the gene symbol later.,"HGNC gene symbols (optional, later)",High,
Precision,DM,DIN,DIN (Donor ID Number),5 Keep as free text,Identifier or reference: stays text. DIN already has the 30-character rule; the others could get a format rule once the format is known.,n/a (identifier),n/a,
Precision,DM,FOLLOW_DIN,DIN (Follow-up),5 Keep as free text,Identifier or reference: stays text. DIN already has the 30-character rule; the others could get a format rule once the format is known.,n/a (identifier),n/a,
Precision,DM,PROJID,Project ID,5 Keep as free text,Identifier or reference: stays text. DIN already has the 30-character rule; the others could get a format rule once the format is known.,n/a (identifier),n/a,
Precision,DMONC,DIN,DIN (Donor ID Number),5 Keep as free text,Identifier or reference: stays text. DIN already has the 30-character rule; the others could get a format rule once the format is known.,n/a (identifier),n/a,
Precision,DMONC,PROJID,Project ID,5 Keep as free text,Identifier or reference: stays text. DIN already has the 30-character rule; the others could get a format rule once the format is known.,n/a (identifier),n/a,
Precision,GEN,MUTLIST,"If yes, please list the mutation",5 Keep as free text,Variant and biomarker detail is too varied to list. Could code just the gene symbol later.,"HGNC gene symbols (optional, later)",High,
Precision,IE8008,IE8008_NOTE,Notes,5 Keep as free text,Narrative or verbatim text: free text is the right answer type.,n/a (narrative),n/a,
Precision,MH,MHOTHTSTDET,Details:,5 Keep as free text,Narrative or verbatim text: free text is the right answer type.,n/a (narrative),n/a,
Precision,MH,MHSURGDET,Details:,5 Keep as free text,Narrative or verbatim text: free text is the right answer type.,n/a (narrative),n/a,
Precision,PC,PCNOTE,Additional Information (if any),5 Keep as free text,Narrative or verbatim text: free text is the right answer type.,n/a (narrative),n/a,
Precision,PCONC,TISSNOTE,If No tissue (specify),5 Keep as free text,Narrative or verbatim text: free text is the right answer type.,n/a (narrative),n/a,
Precision,VS,GENAPP,General Appearance,5 Keep as free text,General appearance is a clinical observation written in the clinician's words: free text is right.,n/a (observation),n/a,
Detroit,BIOIVTONC,ANATLOC,Anatomic Location,6 Needs your decision first,"Body site of the tumour or metastasis. Codable, but choose the vocabulary first.",ICD-O-3 topography (oncology standard) or SNOMED CT body structure,Medium,
Detroit,BIOIVTONC,CONFSTGROUP,Confirmed Stage Group,6 Needs your decision first,"Cancer stage. Codable, but the values depend on the staging edition and cancer type, and the AJCC manual is copyrighted.",AJCC / UICC stage groups (edition and licence to confirm),High,
Detroit,BIOIVTONC,CONFTNMSTG,Confirmed TNM Stage,6 Needs your decision first,"Cancer stage. Codable, but the values depend on the staging edition and cancer type, and the AJCC manual is copyrighted.",AJCC / UICC stage groups (edition and licence to confirm),High,
Detroit,BIOIVTONC,HIST_TYP,Histology Type,6 Needs your decision first,Tumour histology. Codable; choose the vocabulary first.,ICD-O-3 morphology (oncology standard) or SNOMED CT morphology,Medium,
Detroit,BIOIVTONC,LYMP_NOD,Lymph Nodes,6 Needs your decision first,"Body site of the tumour or metastasis. Codable, but choose the vocabulary first.",ICD-O-3 topography (oncology standard) or SNOMED CT body structure,Medium,
Detroit,BIOIVTONC,ORG_SITE_CONF,Confirmed Organ Site,6 Needs your decision first,"Body site of the tumour or metastasis. Codable, but choose the vocabulary first.",ICD-O-3 topography (oncology standard) or SNOMED CT body structure,Medium,
Detroit,BIOIVTONC,TUM_LOC_CONF,Confirmed Tumor Location,6 Needs your decision first,"Body site of the tumour or metastasis. Codable, but choose the vocabulary first.",ICD-O-3 topography (oncology standard) or SNOMED CT body structure,Medium,
Detroit,FOLLOWUP,ANATLOC,Anatomic Location,6 Needs your decision first,"Body site of the tumour or metastasis. Codable, but choose the vocabulary first.",ICD-O-3 topography (oncology standard) or SNOMED CT body structure,Medium,
Detroit,FOLLOWUP,SITES,Distant Sites,6 Needs your decision first,"Body site of the tumour or metastasis. Codable, but choose the vocabulary first.",ICD-O-3 topography (oncology standard) or SNOMED CT body structure,Medium,
Detroit,FOLLOWUP,TNMSTG,TNM Stage at recurrence,6 Needs your decision first,"Cancer stage. Codable, but the values depend on the staging edition and cancer type, and the AJCC manual is copyrighted.",AJCC / UICC stage groups (edition and licence to confirm),High,
Detroit,ONCOLOGY,ANALOC,Anatomic Location,6 Needs your decision first,"Body site of the tumour or metastasis. Codable, but choose the vocabulary first.",ICD-O-3 topography (oncology standard) or SNOMED CT body structure,Medium,
Detroit,ONCOLOGY,DISTMETA_LOC,Location of Distant Metastases,6 Needs your decision first,"Body site of the tumour or metastasis. Codable, but choose the vocabulary first.",ICD-O-3 topography (oncology standard) or SNOMED CT body structure,Medium,
Detroit,ONCOLOGY,LYMPHLOC,Lymph Node Locations,6 Needs your decision first,"Body site of the tumour or metastasis. Codable, but choose the vocabulary first.",ICD-O-3 topography (oncology standard) or SNOMED CT body structure,Medium,
Detroit,ONCOLOGY,TUMLOCA,Tumor Location,6 Needs your decision first,"Body site of the tumour or metastasis. Codable, but choose the vocabulary first.",ICD-O-3 topography (oncology standard) or SNOMED CT body structure,Medium,
Detroit,ONCOLOGY,TUMSTGE,Stage,6 Needs your decision first,"Cancer stage. Codable, but the values depend on the staging edition and cancer type, and the AJCC manual is copyrighted.",AJCC / UICC stage groups (edition and licence to confirm),High,
Detroit,ONCOLOGY,UICCSTGE,UICC Stage,6 Needs your decision first,"Cancer stage. Codable, but the values depend on the staging edition and cancer type, and the AJCC manual is copyrighted.",AJCC / UICC stage groups (edition and licence to confirm),High,
Detroit,OUTCOME,AJCC_TNM_DLC,AJCC (TNM) Stage at last evaluation,6 Needs your decision first,"Cancer stage. Codable, but the values depend on the staging edition and cancer type, and the AJCC manual is copyrighted.",AJCC / UICC stage groups (edition and licence to confirm),High,
Detroit,OUTCOME,ANATLOC,Topographic (Anatomic) Site,6 Needs your decision first,"Body site of the tumour or metastasis. Codable, but choose the vocabulary first.",ICD-O-3 topography (oncology standard) or SNOMED CT body structure,Medium,
Detroit,OUTCOME,SITES,Distant Sites,6 Needs your decision first,"Body site of the tumour or metastasis. Codable, but choose the vocabulary first.",ICD-O-3 topography (oncology standard) or SNOMED CT body structure,Medium,
Detroit,PSORIASIS,ORALDUR,Duration of use,6 Needs your decision first,Duration of use. CDASH collects start and end dates instead of 'how long'; this is the pending decision from earlier.,Start date and end date (CDASH),Medium,
Detroit,PSORIASIS,OTHRDUR,Other Duration of use,6 Needs your decision first,Duration of use. CDASH collects start and end dates instead of 'how long'; this is the pending decision from earlier.,Start date and end date (CDASH),Medium,
Detroit,PSORIASIS,TOPDUR,Topical Duration of use,6 Needs your decision first,Duration of use. CDASH collects start and end dates instead of 'how long'; this is the pending decision from earlier.,Start date and end date (CDASH),Medium,
Detroit,SC,OCCUPA,Occupation,6 Needs your decision first,"Occupation. Codable to a standard occupation list, but long (about 800 entries) and rarely analysed; decide if it is worth it.",US BLS Standard Occupational Classification (SOC),Medium,
Precision,DM,ORIGIN,Origin,6 Needs your decision first,"'Origin' is unclear (the real data has two answers, both 'yes'). Need to know what it is meant to capture.",unknown,n/a,
