form,field,label,current_rule,proposed_rule,why_this_value,evidence,confidence,status
LUPUS,RESER1,Pleuritis Result,"selected(${SUBSER},'TESTED')","selected(${SUBSER},'1')",SUBSER choice '1' = Pleuritis,Field label names the same criterion as the choice; the broken values are leftovers of a lab-test list applied in choice order,H,APPLIED 2026-10-04 (convention detroit_broken_rule_repairs)
LUPUS,DTER1,Pleuritis Date,"selected(${SUBSER},'TESTED')","selected(${SUBSER},'1')",SUBSER choice '1' = Pleuritis,Field label names the same criterion as the choice; the broken values are leftovers of a lab-test list applied in choice order,H,APPLIED 2026-10-04 (convention detroit_broken_rule_repairs)
LUPUS,RESER2,Pericarditis Result,"selected(${SUBSER},'CMP')","selected(${SUBSER},'2')",SUBSER choice '2' = Pericarditis,Field label names the same criterion as the choice; the broken values are leftovers of a lab-test list applied in choice order,H,APPLIED 2026-10-04 (convention detroit_broken_rule_repairs)
LUPUS,DTER2,Pericarditis Date,"selected(${SUBSER},'CMP')","selected(${SUBSER},'2')",SUBSER choice '2' = Pericarditis,Field label names the same criterion as the choice; the broken values are leftovers of a lab-test list applied in choice order,H,APPLIED 2026-10-04 (convention detroit_broken_rule_repairs)
LUPUS,RESRD1A,Persistent Proteinuria Result,"selected(${SUBRD},'TESTED')","selected(${SUBRD},'1')",SUBRD choice '1' = Persistent Proteinuria,Field label names the same criterion as the choice; the broken values are leftovers of a lab-test list applied in choice order,H,APPLIED 2026-10-04 (convention detroit_broken_rule_repairs)
LUPUS,RESRD1B,Persistent Proteinuria Value,"selected(${SUBRD},'TESTED')","selected(${SUBRD},'1')",SUBRD choice '1' = Persistent Proteinuria,Field label names the same criterion as the choice; the broken values are leftovers of a lab-test list applied in choice order,H,APPLIED 2026-10-04 (convention detroit_broken_rule_repairs)
LUPUS,DTRD1,Proteinuria Date,"selected(${SUBRD},'TESTED')","selected(${SUBRD},'1')",SUBRD choice '1' = Persistent Proteinuria,Field label names the same criterion as the choice; the broken values are leftovers of a lab-test list applied in choice order,H,APPLIED 2026-10-04 (convention detroit_broken_rule_repairs)
LUPUS,RESRD2,Cellular Casts Result,"selected(${SUBRD},'CMP')","selected(${SUBRD},'2')",SUBRD choice '2' = Cellular Casts,Field label names the same criterion as the choice; the broken values are leftovers of a lab-test list applied in choice order,H,APPLIED 2026-10-04 (convention detroit_broken_rule_repairs)
LUPUS,DTRD2,Cellular Casts Date,"selected(${SUBRD},'CMP')","selected(${SUBRD},'2')",SUBRD choice '2' = Cellular Casts,Field label names the same criterion as the choice; the broken values are leftovers of a lab-test list applied in choice order,H,APPLIED 2026-10-04 (convention detroit_broken_rule_repairs)
LUPUS,RESND1,Seizures Result,"selected(${SUBND},'TESTED')","selected(${SUBND},'1')",SUBND choice '1' = Seizures,Field label names the same criterion as the choice; the broken values are leftovers of a lab-test list applied in choice order,H,APPLIED 2026-10-04 (convention detroit_broken_rule_repairs)
LUPUS,DTND1,Seizures Date,"selected(${SUBND},'TESTED')","selected(${SUBND},'1')",SUBND choice '1' = Seizures,Field label names the same criterion as the choice; the broken values are leftovers of a lab-test list applied in choice order,H,APPLIED 2026-10-04 (convention detroit_broken_rule_repairs)
LUPUS,RESND2,Psychosis Result,"selected(${SUBND},'CMP')","selected(${SUBND},'2')",SUBND choice '2' = Psychosis,Field label names the same criterion as the choice; the broken values are leftovers of a lab-test list applied in choice order,H,APPLIED 2026-10-04 (convention detroit_broken_rule_repairs)
LUPUS,DTND2,Psychosis Date,"selected(${SUBND},'CMP')","selected(${SUBND},'2')",SUBND choice '2' = Psychosis,Field label names the same criterion as the choice; the broken values are leftovers of a lab-test list applied in choice order,H,APPLIED 2026-10-04 (convention detroit_broken_rule_repairs)
LUPUS,RESHD1,Hemolytic Anemia Result,"selected(${SUBHD},'TESTED')","selected(${SUBHD},'1')",SUBHD choice '1' = Hemolytic Anemia,Field label names the same criterion as the choice; the broken values are leftovers of a lab-test list applied in choice order,H,APPLIED 2026-10-04 (convention detroit_broken_rule_repairs)
LUPUS,DTHD1,Hemolytic Anemia Date,"selected(${SUBHD},'TESTED')","selected(${SUBHD},'1')",SUBHD choice '1' = Hemolytic Anemia,Field label names the same criterion as the choice; the broken values are leftovers of a lab-test list applied in choice order,H,APPLIED 2026-10-04 (convention detroit_broken_rule_repairs)
LUPUS,RESHD2,Leukopenia Value,"selected(${SUBHD},'CMP')","selected(${SUBHD},'2')",SUBHD choice '2' = Leukopenia,Field label names the same criterion as the choice; the broken values are leftovers of a lab-test list applied in choice order,H,APPLIED 2026-10-04 (convention detroit_broken_rule_repairs)
LUPUS,DTHD2,Leukopenia Date,"selected(${SUBHD},'CMP')","selected(${SUBHD},'2')",SUBHD choice '2' = Leukopenia,Field label names the same criterion as the choice; the broken values are leftovers of a lab-test list applied in choice order,H,APPLIED 2026-10-04 (convention detroit_broken_rule_repairs)
LUPUS,RESHD3,Lymphopenia Value,"selected(${SUBHD},'PT_INR')","selected(${SUBHD},'3')",SUBHD choice '3' = Lymphopenia,Field label names the same criterion as the choice; the broken values are leftovers of a lab-test list applied in choice order,H,APPLIED 2026-10-04 (convention detroit_broken_rule_repairs)
LUPUS,DTHD3,Lymphopenia Date,"selected(${SUBHD},'PT_INR')","selected(${SUBHD},'3')",SUBHD choice '3' = Lymphopenia,Field label names the same criterion as the choice; the broken values are leftovers of a lab-test list applied in choice order,H,APPLIED 2026-10-04 (convention detroit_broken_rule_repairs)
LUPUS,RESHD4,Thrombocytopenia Value,"selected(${SUBHD},'PSA')","selected(${SUBHD},'4')",SUBHD choice '4' = Thrombocytopenia,Field label names the same criterion as the choice; the broken values are leftovers of a lab-test list applied in choice order,H,APPLIED 2026-10-04 (convention detroit_broken_rule_repairs)
LUPUS,DTHD4,Thrombocytopenia Date,"selected(${SUBHD},'PSA')","selected(${SUBHD},'4')",SUBHD choice '4' = Thrombocytopenia,Field label names the same criterion as the choice; the broken values are leftovers of a lab-test list applied in choice order,H,APPLIED 2026-10-04 (convention detroit_broken_rule_repairs)
ONCOLOGY,VIRRESULT,Result,${VIRTEST}='1',${VIRTEST}='TESTED',VIRTEST choice 'TESTED' = Tested,"Result should appear once the virus was 'Tested'; the rule tests for '1', which is not a value on this list",H,APPLIED 2026-10-04 (convention detroit_broken_rule_repairs)
ONCOLOGY,OTHTEST,"Other test, specify",${BLDTEST}='6',${BLDTEST}='OTHER',BLDTEST choice 'OTHER' = Other,"'Other test, specify' should appear for Other; the rule tests for '6' (Other is 6th on the Oncology list, 3rd on Testres)",H,APPLIED 2026-10-04 (convention detroit_broken_rule_repairs)
TESTRES,VIRRESULT,Result,${VIRTEST}='1',${VIRTEST}='TESTED',VIRTEST choice 'TESTED' = Tested,"Result should appear once the virus was 'Tested'; the rule tests for '1', which is not a value on this list",H,APPLIED 2026-10-04 (convention detroit_broken_rule_repairs)
TESTRES,OTHTEST,Other blood test,${BLDTEST}='6',${BLDTEST}='OTHER',BLDTEST choice 'OTHER' = Other,"'Other test, specify' should appear for Other; the rule tests for '6' (Other is 6th on the Oncology list, 3rd on Testres)",H,APPLIED 2026-10-04 (convention detroit_broken_rule_repairs)
BIOIVTONC,QUAR_REAS,Quarantine Reason,"selected(${QUAR},'TESTED')","selected(${QUAR},'1')",QUAR choice '1' = Quarantine flagged,"Reason should appear when quarantine is flagged (the only choice, '1')",H,APPLIED 2026-10-04 (convention detroit_broken_rule_repairs)
SHORTFORM,DOD,Date of Death,"selected(${PM_Y},'TESTED')","selected(${PM_Y},'1')",PM_Y choice '1' = Post-mortem sample,"Show death details when 'Post-mortem sample' is ticked (the only choice, '1'). Approved by Dan 2026-10-04; carries over to Death Details",H,APPLIED 2026-10-04 (convention detroit_broken_rule_repairs)
SHORTFORM,TOD,Time of Death (HH:MM),"selected(${PM_Y},'TESTED')","selected(${PM_Y},'1')",PM_Y choice '1' = Post-mortem sample,"Show death details when 'Post-mortem sample' is ticked (the only choice, '1'). Approved by Dan 2026-10-04; carries over to Death Details",H,APPLIED 2026-10-04 (convention detroit_broken_rule_repairs)
SHORTFORM,COD,Cause of Death,"selected(${PM_Y},'TESTED')","selected(${PM_Y},'1')",PM_Y choice '1' = Post-mortem sample,"Show death details when 'Post-mortem sample' is ticked (the only choice, '1'). Approved by Dan 2026-10-04; carries over to Death Details",H,APPLIED 2026-10-04 (convention detroit_broken_rule_repairs)
